{"cameraMode":{"drawMode":0,"name":"Shaded","section":"Shading Mode"},"sceneLighting":true,"audioPlay":false,"sceneViewState":{"m_AlwaysRefresh":false,"showFog":true,"showSkybox":true,"showFlares":true,"showImageEffects":true,"showParticleSystems":true,"showVisualEffectGraphs":true,"m_FxEnabled":true},"in2DMode":false,"pivot":{"x":10.000341415405274,"y":20.80666160583496,"z":-7.9302568435668949},"rotation":{"x":0.22390013933181764,"y":0.48197969794273379,"z":-0.1289217472076416,"w":0.8373039960861206},"size":5.727912425994873,"orthographic":true}