{"cameraMode":{"drawMode":0,"name":"Shaded","section":"Shading Mode"},"sceneLighting":true,"audioPlay":false,"sceneViewState":{"m_AlwaysRefresh":false,"showFog":true,"showSkybox":true,"showFlares":true,"showImageEffects":true,"showParticleSystems":true,"showVisualEffectGraphs":true,"m_FxEnabled":true},"in2DMode":false,"pivot":{"x":0.3217504024505615,"y":20.57766342163086,"z":-8.689621925354004},"rotation":{"x":0.13322708010673524,"y":-0.05317588895559311,"z":0.007184547837823629,"w":0.989702045917511},"size":20.17548179626465,"orthographic":true}