{"cameraMode":{"drawMode":0,"name":"Shaded","section":"Shading Mode"},"sceneLighting":true,"audioPlay":false,"sceneViewState":{"m_AlwaysRefresh":false,"showFog":true,"showSkybox":true,"showFlares":true,"showImageEffects":true,"showParticleSystems":true,"showVisualEffectGraphs":true,"m_FxEnabled":true},"in2DMode":false,"pivot":{"x":8.169164657592774,"y":18.02301597595215,"z":-16.61786460876465},"rotation":{"x":0.07747803628444672,"y":0.29914453625679018,"z":-0.024389037862420083,"w":0.9508139491081238},"size":5.683762550354004,"orthographic":true}