{"cameraMode":{"drawMode":0,"name":"Shaded","section":"Shading Mode"},"sceneLighting":true,"audioPlay":false,"sceneViewState":{"m_AlwaysRefresh":false,"showFog":true,"showSkybox":true,"showFlares":true,"showImageEffects":true,"showParticleSystems":true,"showVisualEffectGraphs":true,"m_FxEnabled":true},"in2DMode":false,"pivot":{"x":-0.09983541071414948,"y":2.5009589195251467,"z":1.8066023588180543},"rotation":{"x":0.15416018664836884,"y":-0.36203157901763918,"z":0.06084165349602699,"w":0.9173154234886169},"size":6.905776023864746,"orthographic":true}