{"cameraMode":{"drawMode":0,"name":"Shaded","section":"Shading Mode"},"sceneLighting":true,"audioPlay":false,"sceneViewState":{"m_AlwaysRefresh":false,"showFog":true,"showSkybox":true,"showFlares":true,"showImageEffects":true,"showParticleSystems":true,"showVisualEffectGraphs":true,"m_FxEnabled":true},"in2DMode":false,"pivot":{"x":13.339143753051758,"y":6.141941070556641,"z":1.2113351821899415},"rotation":{"x":-0.1490045189857483,"y":-0.7964267134666443,"z":0.21812593936920167,"w":-0.5441498756408691},"size":20.111919403076173,"orthographic":true}