{"cameraMode":{"drawMode":0,"name":"Shaded","section":"Shading Mode"},"sceneLighting":false,"audioPlay":false,"sceneViewState":{"m_AlwaysRefresh":false,"showFog":false,"showSkybox":false,"showFlares":false,"showImageEffects":false,"showParticleSystems":false,"showVisualEffectGraphs":true,"m_FxEnabled":true},"in2DMode":false,"pivot":{"x":-0.10207006335258484,"y":0.7174021601676941,"z":-0.019673515111207963},"rotation":{"x":0.04569011181592941,"y":-0.9456184506416321,"z":0.15221205353736878,"w":0.28382912278175356},"size":1.1634089946746827,"orthographic":false}