{"cameraMode":{"drawMode":0,"name":"Shaded","section":"Shading Mode"},"sceneLighting":false,"audioPlay":false,"sceneViewState":{"m_AlwaysRefresh":false,"showFog":true,"showSkybox":false,"showFlares":true,"showImageEffects":true,"showParticleSystems":true,"showVisualEffectGraphs":true,"m_FxEnabled":true},"in2DMode":false,"pivot":{"x":-18.649503707885743,"y":12.540481567382813,"z":-1.1052265167236329},"rotation":{"x":-0.001884796074591577,"y":0.993218183517456,"z":-0.11554037779569626,"w":-0.016087640076875688},"size":2.825732707977295,"orthographic":false}