{"cameraMode":{"drawMode":0,"name":"Shaded","section":"Shading Mode"},"sceneLighting":false,"audioPlay":false,"sceneViewState":{"m_AlwaysRefresh":false,"showFog":false,"showSkybox":false,"showFlares":false,"showImageEffects":false,"showParticleSystems":false,"showVisualEffectGraphs":true,"m_FxEnabled":true},"in2DMode":false,"pivot":{"x":0.33121028542518618,"y":0.7149969339370728,"z":0.021674655377864839},"rotation":{"x":-0.10469675809144974,"y":0.8884817957878113,"z":-0.25039130449295046,"w":-0.3704012930393219},"size":0.9893370270729065,"orthographic":false}