{"cameraMode":{"drawMode":0,"name":"Shaded","section":"Shading Mode"},"sceneLighting":false,"audioPlay":false,"sceneViewState":{"m_AlwaysRefresh":false,"showFog":true,"showSkybox":false,"showFlares":true,"showImageEffects":true,"showParticleSystems":true,"showVisualEffectGraphs":true,"m_FxEnabled":true},"in2DMode":false,"pivot":{"x":-0.4040854573249817,"y":-0.43382859230041506,"z":-0.12878012657165528},"rotation":{"x":-0.06038597971200943,"y":0.7229601144790649,"z":-0.06372006982564926,"w":-0.6853513717651367},"size":1.3578808307647706,"orthographic":false}