{"cameraMode":{"drawMode":0,"name":"Shaded","section":"Shading Mode"},"sceneLighting":false,"audioPlay":false,"sceneViewState":{"m_AlwaysRefresh":false,"showFog":true,"showSkybox":false,"showFlares":true,"showImageEffects":true,"showParticleSystems":true,"showVisualEffectGraphs":true,"m_FxEnabled":true},"in2DMode":false,"pivot":{"x":-0.8907387256622315,"y":2.8081822395324709,"z":-0.6984621286392212},"rotation":{"x":0.011373093351721764,"y":0.9844392538070679,"z":-0.06983385235071182,"w":0.16119763255119325},"size":1.9037604331970215,"orthographic":false}