{"cameraMode":{"drawMode":0,"name":"Shaded","section":"Shading Mode"},"sceneLighting":false,"audioPlay":false,"sceneViewState":{"m_AlwaysRefresh":false,"showFog":false,"showSkybox":false,"showFlares":false,"showImageEffects":false,"showParticleSystems":false,"showVisualEffectGraphs":true,"m_FxEnabled":true},"in2DMode":false,"pivot":{"x":-0.25273895263671877,"y":0.03302265703678131,"z":0.44646167755126955},"rotation":{"x":-0.01680154725909233,"y":-0.8772116899490356,"z":-0.030815472826361657,"w":0.4789932072162628},"size":0.802139401435852,"orthographic":true}