{"cameraMode":{"drawMode":0,"name":"Shaded","section":"Shading Mode"},"sceneLighting":true,"audioPlay":false,"sceneViewState":{"m_AlwaysRefresh":false,"showFog":true,"showSkybox":true,"showFlares":true,"showImageEffects":true,"showParticleSystems":true,"showVisualEffectGraphs":true,"m_FxEnabled":true},"in2DMode":false,"pivot":{"x":15.352999687194825,"y":1.7269999980926514,"z":7.740000247955322},"rotation":{"x":0.07567017525434494,"y":0.20491081476211549,"z":-0.01589246094226837,"w":0.9757271409034729},"size":1.6760038137435914,"orthographic":true}